mls_id,status,property_type,address,city,zip,neighborhood,latitude,longitude,list_date,list_price,close_date,sold_price,bedrooms,bathrooms_full,bathrooms_half,sqft_living,lot_size_sqft,year_built,hoa_monthly,days_on_market,parking_spaces,pool,arv_estimate,reno_cost_estimate,hold_months,taxes_annual,mls_region,price_per_sqft,max_offer_70rule
A1161000,Closed,Single Family,534 NE 54th Ct,Miami,33145,Shenandoah,25.754982,-80.244197,2025-02-09,702000,2025-03-01,725000.0,3,3,0,1451,8837.0,1994,0,13,1,No,,33315,0,9062,MIAMI,499.66,474185
A1161001,Active,Townhouse,5735 SW 2nd Dr #3205,Miami,33131,Brickell,25.734839,-80.305493,2025-08-15,1307000,,,3,2,0,1977,,1967,612,22,1,Yes,1413000.0,35192,4,16338,MIAMI,661.1,953908
A1161002,Active,Multi-Family,1407 NE 4th Ct #1207,Miami,33137,Edgewater,25.825802,-80.20404,2025-07-31,1565000,,,5,3,0,2530,8729.0,1964,0,5,3,No,1947000.0,27904,4,19562,MIAMI,618.58,1334996
A1161003,Active,Townhouse,6316 SW 54th Ave #1803,Miami,33133,Coconut Grove,25.83666,-80.29549,2025-07-13,1144000,,,3,3,0,1579,,2017,381,11,1,Yes,1250000.0,81511,8,14300,MIAMI,724.51,793489
A1161004,Closed,Single Family,9297 SW 62nd Ct #901,Miami,33145,Coral Way,25.762381,-80.283006,2025-05-13,468000,2025-07-29,464000.0,3,1,0,1015,5741.0,2003,0,68,2,Yes,,21054,0,5800,MIAMI,457.14,303746
A1161005,Active,Condo,9863 SE 45th Ter #501,Miami,33135,Little Havana,25.815425,-80.262285,2025-03-13,588000,,,2,1,0,1171,,2020,955,51,0,Yes,652000.0,37000,7,7350,MIAMI,502.13,419400
A1161006,Closed,Single Family,4415 NE 45th St #1207,Miami,33127,Wynwood Norte,25.872611,-80.188622,2025-03-13,940000,2025-05-25,930000.0,3,2,0,2346,6404.0,1995,0,68,3,No,,37515,0,11625,MIAMI,396.42,613485
A1161007,Closed,Condo,5138 NE 2nd Ave #901,Miami,33135,Little Havana,25.737899,-80.265553,2025-04-24,584000,2025-07-10,587000.0,3,3,0,1032,,2016,615,72,2,Yes,,29469,0,7338,MIAMI,568.8,381431
A1161008,Closed,Single Family,3395 SW 27th Dr #1803,Miami,33138,Miami Shores,25.868626,-80.20671,2025-07-06,546000,2025-09-19,557000.0,2,2,0,1091,6171.0,2007,0,64,3,No,,6975,0,6962,MIAMI,510.54,382925
A1161009,Active,Multi-Family,5513 NW 45th Ave #1207,Miami,33127,Wynwood Norte,25.756631,-80.184187,2025-02-02,630000,,,3,1,0,1907,8820.0,1968,0,5,2,No,683000.0,76999,4,7875,MIAMI,330.36,401101
A1161010,Closed,Condo,6835 SE 2nd Dr,Miami,33136,Overtown,25.825437,-80.266855,2025-03-21,364000,2025-04-20,374000.0,2,1,1,785,,1992,1190,22,2,Yes,,14291,0,4675,MIAMI,476.43,247509
A1161011,Active,Townhouse,9116 NW 2nd Dr #501,Miami,33127,Wynwood Norte,25.790901,-80.190798,2025-05-30,730000,,,3,2,0,1454,,1975,298,16,1,Yes,839000.0,23412,4,9125,MIAMI,502.06,563888
A1161012,Closed,Single Family,4773 SE 54th Dr #3205,Miami,33145,Coral Way,25.868243,-80.202231,2025-02-01,717000,2025-04-14,711000.0,3,2,0,1290,5348.0,1988,0,59,2,Yes,,26577,0,8888,MIAMI,551.16,471123
A1161013,Active,Townhouse,3144 NW 79th St,Miami,33129,The Roads,25.729101,-80.243826,2025-09-07,1029000,,,3,1,1,2191,,2004,229,34,1,Yes,1118000.0,81802,5,12862,MIAMI,469.65,700798
A1161014,Active,Condo,5015 SE 17th Rd,Miami,33142,Liberty City,25.75819,-80.260632,2025-03-25,671000,,,1,3,0,1258,,1973,490,43,2,Yes,731000.0,18146,6,8388,MIAMI,533.39,493554
A1161015,Active,Single Family,8766 NW 54th Ter,Miami,33137,Edgewater,25.853399,-80.214469,2025-04-14,1183000,,,2,2,0,2051,6001.0,1987,0,11,1,No,1319000.0,25148,7,14788,MIAMI,576.79,898152
A1161016,Closed,Condo,932 NW 32nd Rd #1207,Miami,33145,Shenandoah,25.760179,-80.183776,2025-03-25,359000,2025-05-27,374000.0,1,2,0,768,,1983,559,43,2,Yes,,12060,0,4675,MIAMI,486.98,249740
A1161017,Active,Townhouse,2542 NW 22nd Pl #501,Miami,33135,Little Havana,25.871208,-80.216347,2025-02-03,743000,,,3,3,1,1852,,2011,334,8,1,Yes,861000.0,44535,4,9288,MIAMI,401.19,558165
A1161018,Active,Condo,2632 NE 7th Rd,Miami,33132,Downtown,25.861462,-80.259043,2025-05-02,759000,,,2,1,0,965,,1953,823,50,0,Yes,947000.0,13247,8,9488,MIAMI,786.53,649653
A1161019,Closed,Single Family,3744 NE 36th Ter #1207,Miami,33133,Coconut Grove,25.859547,-80.191211,2025-08-21,1355000,2025-09-30,1405000.0,4,3,0,2458,6185.0,1960,0,23,2,Yes,,26943,0,17562,MIAMI,571.6,956557
A1161020,Closed,Condo,5525 NW 4th Ter,Miami,33145,Coral Way,25.828723,-80.193451,2025-05-01,514000,2025-08-01,533000.0,1,2,0,674,,1975,1125,75,1,Yes,,4867,0,6662,MIAMI,790.8,368233
A1161021,Closed,Townhouse,827 SE 1st Pl #501,Miami,33132,Downtown,25.863921,-80.291488,2025-06-11,934000,2025-07-22,930000.0,3,2,1,1311,,2017,505,24,2,No,,11112,0,11625,MIAMI,709.38,639888
A1161022,Closed,Condo,9183 NE 8th Ct #2301,Miami,33144,Flagami,25.772189,-80.215419,2025-06-10,618000,2025-08-16,614000.0,2,3,0,1091,,1978,521,49,1,Yes,,7535,0,7675,MIAMI,562.79,422265
A1161023,Closed,Condo,3601 SE 7th Dr,Miami,33135,West Flagler,25.794398,-80.253676,2025-03-26,780000,2025-06-14,773000.0,2,1,0,1232,,1976,758,65,1,Yes,,18179,0,9662,MIAMI,627.44,522921
A1161024,Active,Townhouse,7561 SE 62nd Ave #2301,Miami,33137,Edgewater,25.817804,-80.204727,2025-02-12,1429000,,,3,1,0,2038,,1943,584,16,1,Yes,1635000.0,110787,7,17862,MIAMI,701.18,1033713
A1161025,Active,Condo,2088 SE 5th Rd #3205,Miami,33135,Little Havana,25.794328,-80.236389,2025-03-18,858000,,,2,1,1,1321,,1968,1154,52,0,Yes,1023000.0,21109,8,10725,MIAMI,649.51,694991
A1161026,Closed,Townhouse,4019 SW 36th St #1207,Miami,33150,Little River,25.84253,-80.241805,2025-04-08,819000,2025-06-01,849000.0,3,1,1,1827,,1997,617,41,2,Yes,,36200,0,10612,MIAMI,464.7,558100
A1161027,Active,Townhouse,1120 NE 32nd Ct #901,Miami,33125,Grapeland Heights,25.772941,-80.250111,2025-02-17,1171000,,,2,2,0,2114,,1967,476,27,1,No,1330000.0,76393,7,14638,MIAMI,553.93,854607
A1161028,Closed,Single Family,575 SE 17th Dr #2301,Miami,33142,Liberty City,25.755107,-80.254625,2025-08-11,631000,2025-10-08,626000.0,4,2,1,1729,7432.0,2008,0,38,2,No,,35025,0,7825,MIAMI,362.06,403175
A1161029,Closed,Multi-Family,5463 NE 36th Ter #1803,Miami,33135,Little Havana,25.749077,-80.280977,2025-05-21,919000,2025-07-06,966000.0,3,2,0,2674,4687.0,2022,0,27,4,No,,33368,0,12075,MIAMI,361.26,642832
A1161030,Closed,Multi-Family,759 NW 10th Ave,Miami,33145,Shenandoah,25.824023,-80.202815,2025-02-14,1437000,2025-04-21,1412000.0,4,1,1,2940,4158.0,2009,0,54,3,No,,21490,0,17650,MIAMI,480.27,966910
A1161031,Closed,Condo,1976 NE 14th St #901,Miami,33135,Little Havana,25.816943,-80.17544,2025-08-16,565000,2025-10-22,559000.0,2,1,1,1134,,1972,1135,57,0,Yes,,11155,0,6988,MIAMI,492.95,380145
A1161032,Active,Townhouse,2083 NW 22nd Pl #2301,Miami,33142,Liberty City,25.856047,-80.229938,2025-07-29,861000,,,2,3,0,1893,,1953,392,50,2,Yes,936000.0,94998,6,10762,MIAMI,454.83,560202
A1161033,Closed,Single Family,4525 SE 36th Ct #901,Miami,33168,Pinewood,25.789678,-80.209931,2025-07-13,914000,2025-09-28,959000.0,4,2,0,2276,7551.0,1986,0,68,2,No,,48206,0,11988,MIAMI,421.35,623094
A1161034,Active,Condo,4332 SW 12th Pl #1207,Miami,33137,Edgewater,25.749094,-80.288182,2025-02-08,627000,,,2,3,1,935,,1983,911,32,1,Yes,712000.0,20006,6,7838,MIAMI,670.59,478394
A1161035,Closed,Condo,3730 SE 10th Ter #901,Miami,33137,Edgewater,25.846869,-80.306042,2025-08-02,640000,2025-11-01,667000.0,2,1,1,897,,2022,1187,72,1,Yes,,27647,0,8338,MIAMI,743.59,439253
A1161036,Active,Townhouse,3133 NE 8th Dr #3205,Miami,33127,Buena Vista,25.770488,-80.208568,2025-04-01,1031000,,,3,2,0,1963,,1972,481,8,2,No,1128000.0,60599,5,12888,MIAMI,525.22,729001
A1161037,Active,Townhouse,2168 SE 4th Rd,Miami,33127,Wynwood Norte,25.875887,-80.236996,2025-03-05,1039000,,,3,2,0,2052,,2008,299,18,2,No,1161000.0,32818,4,12988,MIAMI,506.34,779882
A1161038,Closed,Multi-Family,978 NE 5th Rd #901,Miami,33138,Miami Shores,25.798679,-80.233447,2025-08-30,988000,2025-10-04,1000000.0,3,1,0,2302,7913.0,1954,0,18,3,No,,60060,0,12500,MIAMI,434.4,639940
A1161039,Closed,Single Family,5103 NW 79th Dr,Miami,33145,Coral Way,25.857627,-80.171495,2025-05-27,626000,2025-08-15,624000.0,3,3,0,1192,8280.0,1988,0,66,3,Yes,,40711,0,7800,MIAMI,523.49,396089
A1161040,Closed,Condo,634 NE 14th Dr #1207,Miami,33129,The Roads,25.830299,-80.249513,2025-02-01,452000,2025-04-23,447000.0,1,1,0,920,,1960,1126,62,0,Yes,,5618,0,5588,MIAMI,485.87,307282
A1161041,Closed,Multi-Family,1269 NW 7th Rd #1207,Miami,33137,Edgewater,25.865346,-80.196005,2025-06-20,1398000,2025-08-06,1427000.0,5,3,0,2807,7482.0,1954,0,38,2,No,,56366,0,17838,MIAMI,508.37,942534
A1161042,Closed,Townhouse,523 NW 10th Dr #901,Miami,33150,Little River,25.837525,-80.229443,2025-02-21,548000,2025-03-26,534000.0,3,2,1,1327,,1996,439,15,2,Yes,,26120,0,6675,MIAMI,402.41,347680
A1161043,Closed,Single Family,6790 SW 17th Dr,Miami,33145,Shenandoah,25.875049,-80.249498,2025-06-30,1002000,2025-09-23,1061000.0,3,3,1,2130,6278.0,1963,0,65,1,No,,26117,0,13262,MIAMI,498.12,716583
A1161044,Closed,Townhouse,6722 NW 54th Ct #2301,Miami,33127,Buena Vista,25.771724,-80.174472,2025-02-23,1175000,2025-04-27,1156000.0,4,3,0,1910,,1998,453,50,2,Yes,,51277,0,14450,MIAMI,605.24,757923
A1161045,Active,Townhouse,4020 NE 14th Pl,Miami,33135,West Flagler,25.739428,-80.174028,2025-05-24,1010000,,,3,3,0,1974,,1976,455,57,2,No,1188000.0,56040,7,12625,MIAMI,511.65,775560
A1161046,Closed,Single Family,4093 SE 54th Ave #2301,Miami,33145,Coral Way,25.853556,-80.172963,2025-06-11,637000,2025-08-12,617000.0,3,1,1,1182,9870.0,1977,0,44,2,No,,35530,0,7712,MIAMI,522.0,396370
A1161047,Active,Condo,8122 NE 36th Pl #3205,Miami,33137,Edgewater,25.853996,-80.233011,2025-04-14,929000,,,3,3,0,932,,1940,874,47,1,Yes,1010000.0,24268,6,11612,MIAMI,996.78,682732
A1161048,Active,Multi-Family,6425 NE 40th St,Miami,33150,Little River,25.832836,-80.198289,2025-02-12,711000,,,5,1,1,2059,5913.0,1992,0,21,2,No,749000.0,90345,7,8888,MIAMI,345.31,433955
A1161049,Active,Townhouse,4442 SW 79th Dr #2301,Miami,33127,Wynwood Norte,25.731973,-80.202771,2025-05-16,1017000,,,3,2,0,2095,,1958,632,56,2,No,1114000.0,74592,5,12712,MIAMI,485.44,705208
A1161050,Closed,Townhouse,1712 NW 36th Ave #1207,Miami,33136,Overtown,25.839483,-80.254904,2025-07-26,568000,2025-09-22,585000.0,2,1,0,1589,,2020,362,46,2,Yes,,26381,0,7312,MIAMI,368.16,383119
A1161051,Closed,Single Family,6367 NE 40th Pl,Miami,33125,Grapeland Heights,25.748011,-80.228576,2025-05-17,1119000,2025-06-29,1179000.0,3,2,0,2580,6000.0,2007,0,33,1,No,,23544,0,14738,MIAMI,456.98,801756
A1161052,Active,Townhouse,4197 SE 14th Ave #2301,Miami,33150,Little River,25.767865,-80.175696,2025-05-25,548000,,,4,3,0,1461,,1949,541,23,1,No,672000.0,82159,8,6850,MIAMI,375.09,388241
A1161053,Closed,Single Family,4789 NE 79th Rd #1803,Miami,33145,Coral Way,25.865699,-80.208224,2025-04-12,815000,2025-04-29,803000.0,3,3,0,1731,4179.0,1990,0,11,3,No,,42928,0,10038,MIAMI,463.89,519172
A1161054,Active,Condo,1576 SW 17th Dr #2301,Miami,33135,West Flagler,25.812732,-80.210146,2025-08-21,517000,,,2,3,0,906,,1979,1144,29,1,Yes,568000.0,33053,4,6462,MIAMI,570.64,364547
A1161055,Active,Condo,1986 SE 3rd Ave,Miami,33136,Overtown,25.839449,-80.269193,2025-08-31,944000,,,2,2,0,1547,,1972,824,31,2,Yes,1161000.0,22671,6,11800,MIAMI,610.21,790029
A1161056,Closed,Multi-Family,6186 NW 10th Ct,Miami,33136,Overtown,25.81353,-80.196637,2025-05-28,759000,2025-08-06,754000.0,4,1,0,2149,8395.0,1955,0,57,2,No,,33259,0,9425,MIAMI,350.86,494541
A1161057,Closed,Townhouse,8171 NW 4th Ave #501,Miami,33135,West Flagler,25.871402,-80.274345,2025-03-02,733000,2025-04-04,757000.0,4,3,0,1426,,1992,531,27,1,Yes,,45508,0,9462,MIAMI,530.86,484392
A1161058,Active,Multi-Family,4683 NW 22nd Ave #3205,Miami,33144,Flagami,25.853391,-80.227652,2025-05-18,1036000,,,4,3,1,2773,8811.0,1959,0,42,4,No,1105000.0,116748,4,12950,MIAMI,373.6,656752
A1161059,Active,Condo,7550 NW 8th Dr #901,Miami,33144,Flagami,25.874913,-80.177648,2025-05-13,427000,,,2,3,0,751,,1947,1152,18,1,Yes,525000.0,13579,5,5338,MIAMI,568.58,353921
A1161060,Closed,Single Family,9864 NW 12th Rd,Miami,33125,Grapeland Heights,25.843899,-80.201703,2025-08-28,612000,2025-10-21,588000.0,2,3,0,1448,8803.0,1967,0,39,1,No,,14226,0,7350,MIAMI,406.08,397374
A1161061,Closed,Townhouse,1962 NW 40th Ct #1803,Miami,33133,Coconut Grove,25.740281,-80.256856,2025-03-17,761000,2025-05-05,772000.0,2,1,0,1312,,1942,538,43,1,No,,33793,0,9650,MIAMI,588.41,506607
A1161062,Active,Single Family,1868 SE 36th St,Miami,33150,Little River,25.855568,-80.256059,2025-02-08,622000,,,3,3,0,1981,7752.0,2022,0,4,1,No,683000.0,90351,7,7775,MIAMI,313.98,387749
A1161063,Active,Condo,1724 NW 54th Dr,Miami,33137,Edgewater,25.792594,-80.229186,2025-07-03,642000,,,2,3,0,779,,1988,731,34,2,Yes,770000.0,20464,6,8025,MIAMI,824.13,518536
A1161064,Active,Condo,7870 NW 3rd Rd,Miami,33127,Buena Vista,25.779888,-80.297104,2025-04-22,719000,,,2,1,0,997,,1994,914,43,1,Yes,837000.0,42752,6,8988,MIAMI,721.16,543148
A1161065,Active,Single Family,4812 SW 22nd St #901,Miami,33144,Flagami,25.858895,-80.211841,2025-05-17,523000,,,3,3,0,1216,9488.0,1955,0,23,3,No,588000.0,17855,7,6538,MIAMI,430.1,393745
A1161066,Active,Condo,9221 NW 79th Dr #1207,Miami,33138,Miami Shores,25.855225,-80.173818,2025-06-27,503000,,,2,2,0,879,,1975,560,15,1,Yes,568000.0,51554,7,6288,MIAMI,572.24,346046
A1161067,Active,Townhouse,6263 SE 36th Ter,Miami,33142,Allapattah,25.734681,-80.240428,2025-03-09,828000,,,2,1,1,2143,,1948,373,48,2,No,974000.0,117013,4,10350,MIAMI,386.37,564787
A1161068,Active,Townhouse,4575 NE 45th St #1803,Miami,33142,Liberty City,25.797706,-80.253693,2025-04-11,725000,,,2,3,0,1810,,1950,243,29,1,No,833000.0,70310,7,9062,MIAMI,400.55,512790
A1161069,Active,Townhouse,4842 SW 4th St #3205,Miami,33142,Liberty City,25.842776,-80.205376,2025-03-25,827000,,,3,3,0,1698,,1940,469,20,2,No,988000.0,33556,5,10338,MIAMI,487.04,658044
A1161070,Closed,Condo,5229 SE 62nd Ct #2301,Miami,33135,Little Havana,25.722999,-80.181826,2025-05-13,471000,2025-06-15,496000.0,2,3,0,1039,,1949,995,15,1,Yes,,34929,0,6200,MIAMI,477.38,312271
A1161071,Active,Multi-Family,8684 NW 27th Rd #1207,Miami,33131,Brickell,25.758931,-80.231669,2025-02-23,1196000,,,5,3,1,2065,9649.0,1986,0,28,2,No,1344000.0,115110,4,14950,MIAMI,579.18,825690
A1161072,Closed,Condo,2942 NE 3rd Ave #3205,Miami,33125,Grapeland Heights,25.736449,-80.281605,2025-05-01,837000,2025-06-10,884000.0,2,1,0,1447,,1984,622,28,0,Yes,,44264,0,11050,MIAMI,610.92,574536
A1161073,Active,Multi-Family,9789 NW 22nd Pl,Miami,33142,Liberty City,25.821022,-80.200551,2025-02-18,860000,,,5,2,0,2716,5236.0,1996,0,31,4,No,969000.0,67146,7,10750,MIAMI,316.64,611154
A1161074,Active,Multi-Family,772 SE 62nd Dr,Miami,33132,Downtown,25.812853,-80.176865,2025-06-10,707000,,,5,1,0,1516,9038.0,2016,0,25,3,No,821000.0,28008,7,8838,MIAMI,466.36,546692
A1161075,Active,Multi-Family,8686 NE 22nd Ter #1207,Miami,33168,Pinewood,25.833219,-80.171352,2025-03-17,655000,,,4,2,0,1708,8133.0,2022,0,3,2,No,779000.0,97028,5,8188,MIAMI,383.49,448272
A1161076,Active,Townhouse,9647 NE 22nd Ter #2301,Miami,33135,West Flagler,25.859725,-80.269996,2025-04-06,500000,,,3,3,1,1253,,1976,604,47,2,No,624000.0,51060,8,6250,MIAMI,399.04,385740
A1161077,Active,Single Family,3609 SW 40th Ave,Miami,33142,Allapattah,25.778016,-80.292961,2025-06-11,848000,,,4,3,0,2094,9292.0,1994,0,24,2,No,978000.0,35607,4,10600,MIAMI,404.97,648993
A1161078,Closed,Condo,2812 SE 2nd Ct #1803,Miami,33137,Edgewater,25.74468,-80.292873,2025-08-16,752000,2025-09-28,774000.0,2,3,0,952,,1983,553,26,2,Yes,,24823,0,9675,MIAMI,813.03,516977
A1161079,Closed,Condo,7318 SE 14th Rd #2301,Miami,33150,Little River,25.828529,-80.234437,2025-09-02,705000,2025-10-22,702000.0,1,1,0,1275,,2000,741,34,1,Yes,,17605,0,8775,MIAMI,550.59,473795
A1161080,Active,Multi-Family,2142 SW 3rd Rd,Miami,33133,Coconut Grove,25.833824,-80.242614,2025-05-07,1013000,,,3,2,0,1808,9252.0,2001,0,36,4,No,1249000.0,96463,4,12662,MIAMI,560.29,777837
A1161081,Active,Condo,6242 NE 1st Ter,Miami,33127,Buena Vista,25.757724,-80.170821,2025-05-13,504000,,,2,1,1,743,,1946,677,33,1,Yes,580000.0,26426,6,6300,MIAMI,678.33,379574
A1161082,Closed,Townhouse,2549 SE 4th Rd #1207,Miami,33135,Little Havana,25.723041,-80.287652,2025-07-08,655000,2025-07-25,675000.0,3,1,1,1340,,1997,219,10,2,No,,38691,0,8438,MIAMI,503.73,433809
A1161083,Active,Single Family,5880 NE 62nd Ct,Miami,33132,Downtown,25.766604,-80.319765,2025-06-28,947000,,,2,2,0,1438,9176.0,2005,0,16,2,Yes,1058000.0,78371,5,11838,MIAMI,658.55,662229
A1161084,Closed,Single Family,4050 NW 62nd Dr #1803,Miami,33168,Pinewood,25.777135,-80.309866,2025-05-07,571000,2025-06-23,581000.0,3,2,0,1688,9207.0,1989,0,42,1,No,,10260,0,7262,MIAMI,344.19,396440
A1161085,Active,Townhouse,7598 NW 14th Ave,Miami,33136,Overtown,25.730096,-80.203571,2025-03-19,634000,,,3,3,1,1546,,2020,616,52,1,Yes,735000.0,51451,5,7925,MIAMI,410.09,463049
A1161086,Closed,Single Family,5538 SW 4th Rd #1803,Miami,33125,Grapeland Heights,25.777116,-80.202874,2025-08-12,708000,2025-09-29,682000.0,4,3,1,1585,6075.0,1944,0,34,3,Yes,,9701,0,8525,MIAMI,430.28,467699
A1161087,Active,Multi-Family,9970 NE 54th Ter #1803,Miami,33150,Little River,25.836333,-80.308161,2025-04-10,565000,,,5,2,1,2191,7009.0,2006,0,52,3,No,634000.0,112026,4,7062,MIAMI,257.87,331774
A1161088,Active,Townhouse,1039 NW 27th Ter #501,Miami,33142,Allapattah,25.818376,-80.254759,2025-08-06,672000,,,3,2,1,1513,,1945,428,56,2,No,735000.0,73380,6,8400,MIAMI,444.15,441120
A1161089,Closed,Condo,2613 SE 22nd Ter #3205,Miami,33131,Brickell,25.871915,-80.315142,2025-05-05,541000,2025-07-17,553000.0,1,1,0,796,,2022,1072,56,1,Yes,,6018,0,6912,MIAMI,694.72,381082
A1161090,Closed,Condo,2029 SW 12th Dr #3205,Miami,33168,Pinewood,25.802839,-80.182969,2025-08-08,526000,2025-09-30,533000.0,2,1,0,1025,,1943,857,33,1,Yes,,24726,0,6662,MIAMI,520.0,348374
A1161091,Active,Townhouse,9111 SW 14th Rd,Miami,33138,Miami Shores,25.826854,-80.213569,2025-08-27,697000,,,3,3,1,1404,,1951,262,44,1,No,868000.0,65012,6,8712,MIAMI,496.44,542588
A1161092,Closed,Condo,2226 NW 3rd Ter #2301,Miami,33144,Flagami,25.794785,-80.172548,2025-02-07,440000,2025-04-20,457000.0,3,1,0,1170,,2003,679,56,0,Yes,,15356,0,5712,MIAMI,390.6,304544
A1161093,Closed,Multi-Family,9132 NE 5th Ct #501,Miami,33168,Pinewood,25.828817,-80.268323,2025-02-19,783000,2025-05-16,786000.0,5,1,0,2241,6597.0,2022,0,67,3,No,,16480,0,9825,MIAMI,350.74,533720
A1161094,Closed,Single Family,4596 NE 14th Pl #501,Miami,33127,Wynwood Norte,25.751408,-80.176547,2025-04-14,1022000,2025-05-17,1023000.0,2,2,0,2011,6834.0,2006,0,20,1,No,,20510,0,12788,MIAMI,508.7,695590
A1161095,Active,Condo,9549 SW 8th Rd #901,Miami,33142,Liberty City,25.732996,-80.177718,2025-02-11,675000,,,2,3,0,1244,,2012,607,53,1,Yes,743000.0,22170,4,8438,MIAMI,542.6,497930
A1161096,Active,Single Family,6909 SE 36th Ave #1803,Miami,33138,Miami Shores,25.830178,-80.296288,2025-04-18,1399000,,,3,2,1,2234,6006.0,1991,0,30,3,No,1547000.0,96084,4,17488,MIAMI,626.23,986816
A1161097,Closed,Townhouse,1686 NW 14th Ct #901,Miami,33125,Grapeland Heights,25.762795,-80.282812,2025-04-03,931000,2025-06-19,983000.0,2,2,0,1951,,1980,640,69,2,No,,52944,0,12288,MIAMI,503.84,635156
A1161098,Active,Condo,6542 SE 10th Ave #901,Miami,33125,Grapeland Heights,25.799579,-80.306493,2025-05-31,883000,,,1,1,1,1241,,2005,1188,32,1,Yes,971000.0,38446,6,11038,MIAMI,711.52,641254
A1161099,Active,Single Family,6663 NW 62nd Pl,Miami,33142,Allapattah,25.842217,-80.265109,2025-04-09,898000,,,3,1,0,1963,7530.0,1957,0,47,3,Yes,1079000.0,54569,6,11225,MIAMI,457.46,700731
A1161100,Active,Townhouse,6090 NE 8th Pl #501,Miami,33137,Edgewater,25.847184,-80.269137,2025-02-25,1063000,,,3,3,0,1595,,1956,458,26,2,Yes,1137000.0,53765,6,13288,MIAMI,666.46,742135
A1161101,Active,Single Family,6538 SW 62nd Ter #501,Miami,33132,Downtown,25.869019,-80.27222,2025-06-12,646000,,,4,3,1,1029,5220.0,2017,0,9,1,No,739000.0,35584,6,8075,MIAMI,627.79,481716
A1161102,Closed,Multi-Family,9577 NE 2nd Pl #3205,Miami,33142,Liberty City,25.815506,-80.28017,2025-05-18,620000,2025-07-11,620000.0,5,2,0,2013,9519.0,1954,0,49,3,No,,47256,0,7750,MIAMI,308.0,386744
A1161103,Active,Multi-Family,6823 SE 2nd Dr,Miami,33135,Little Havana,25.744229,-80.216425,2025-05-24,818000,,,3,3,0,2794,5562.0,1942,0,21,2,No,866000.0,116663,7,10225,MIAMI,292.77,489537
A1161104,Active,Townhouse,4138 SW 54th Ter,Miami,33138,Miami Shores,25.817612,-80.29116,2025-05-02,1163000,,,3,3,0,1738,,2009,392,44,2,No,1420000.0,61103,6,14538,MIAMI,669.16,932897
A1161105,Closed,Townhouse,2499 SW 2nd Ter,Miami,33142,Allapattah,25.85094,-80.176809,2025-03-04,663000,2025-05-18,680000.0,3,3,0,1921,,1976,306,58,2,No,,18995,0,8500,MIAMI,353.98,457005
A1161106,Active,Multi-Family,931 NE 10th St,Miami,33145,Shenandoah,25.838543,-80.284108,2025-03-08,1207000,,,4,3,0,2930,8604.0,1974,0,7,3,No,1409000.0,33184,8,15088,MIAMI,411.95,953116
A1161107,Active,Multi-Family,4776 NW 3rd Dr #901,Miami,33127,Wynwood Norte,25.840946,-80.276913,2025-06-03,1068000,,,3,3,0,2795,7333.0,2000,0,42,2,No,1244000.0,159347,5,13350,MIAMI,382.11,711453
A1161108,Active,Single Family,5589 SW 36th Dr #501,Miami,33133,Coconut Grove,25.810874,-80.303905,2025-02-10,1307000,,,4,2,1,1805,5526.0,1977,0,1,1,No,1515000.0,59407,6,16338,MIAMI,724.1,1001093
A1161109,Active,Condo,4933 NE 7th Pl #2301,Miami,33168,Pinewood,25.722253,-80.269433,2025-07-16,469000,,,2,2,0,1129,,1998,729,17,1,Yes,529000.0,64436,5,5862,MIAMI,415.41,305864
A1161110,Closed,Townhouse,5500 SW 62nd Dr #901,Miami,33137,Edgewater,25.757683,-80.206937,2025-02-02,1049000,2025-04-03,1015000.0,4,2,0,1610,,1971,542,43,1,No,,23457,0,12688,MIAMI,630.43,687043
A1161111,Active,Townhouse,2288 SE 5th Ct #901,Miami,33145,Coral Way,25.778807,-80.286873,2025-07-14,630000,,,3,2,0,1263,,1955,541,59,1,No,664000.0,65984,6,7875,MIAMI,498.81,398816
A1161112,Active,Multi-Family,1111 NE 62nd Pl,Miami,33136,Overtown,25.732496,-80.235375,2025-06-16,855000,,,4,3,0,2760,8304.0,1997,0,46,2,No,1017000.0,43907,6,10688,MIAMI,309.78,667993
A1161113,Active,Multi-Family,9339 NW 54th Ct #1207,Miami,33127,Wynwood Norte,25.741111,-80.257686,2025-08-27,1323000,,,4,2,0,2793,8180.0,1997,0,4,2,No,1621000.0,115762,7,16538,MIAMI,473.68,1018938
A1161114,Closed,Multi-Family,7834 NW 14th Ct,Miami,33145,Shenandoah,25.869533,-80.309647,2025-07-30,631000,2025-08-23,624000.0,4,1,0,1406,7470.0,1984,0,18,4,No,,14514,0,7800,MIAMI,443.81,422286
A1161115,Closed,Multi-Family,8764 NE 10th Rd,Miami,33144,Flagami,25.748556,-80.239411,2025-03-07,860000,2025-05-08,890000.0,5,2,1,2183,4657.0,2009,0,54,3,No,,63755,0,11125,MIAMI,407.7,559245
A1161116,Closed,Townhouse,1948 NW 32nd Pl,Miami,33150,Little River,25.750157,-80.188719,2025-04-30,800000,2025-06-11,798000.0,3,1,0,1889,,1998,568,29,2,Yes,,53444,0,9975,MIAMI,422.45,505156
A1161117,Active,Single Family,1024 NE 45th Ter,Miami,33127,Wynwood Norte,25.806362,-80.206842,2025-05-14,1041000,,,3,3,0,2166,6004.0,1945,0,29,1,Yes,1287000.0,58569,5,13012,MIAMI,480.61,842331
A1161118,Closed,Townhouse,2969 SE 54th Ct,Miami,33142,Liberty City,25.809075,-80.23125,2025-04-18,701000,2025-06-08,726000.0,3,1,0,1812,,1992,595,45,2,No,,50077,0,9075,MIAMI,400.66,458123
A1161119,Closed,Multi-Family,2465 SE 2nd Pl #2301,Miami,33168,Pinewood,25.855895,-80.27489,2025-08-13,813000,2025-11-03,789000.0,4,1,0,2052,7083.0,1963,0,70,4,No,,65821,0,9862,MIAMI,384.5,486479
A1161120,Closed,Condo,9978 NW 3rd Ave #901,Miami,33138,Upper Eastside,25.762954,-80.218949,2025-02-24,709000,2025-04-05,703000.0,1,1,1,898,,1987,711,34,1,Yes,,28615,0,8788,MIAMI,782.85,463485
A1161121,Closed,Condo,3450 SE 10th Pl #1803,Miami,33138,Miami Shores,25.866311,-80.215656,2025-08-09,571000,2025-09-23,570000.0,3,1,0,863,,1964,790,25,1,Yes,,4596,0,7125,MIAMI,660.49,394404
A1161122,Closed,Multi-Family,3428 SW 17th Ct,Miami,33150,Little River,25.841861,-80.271965,2025-05-31,888000,2025-07-12,937000.0,4,2,0,2492,8200.0,2003,0,22,4,No,,55330,0,11712,MIAMI,376.0,600570
A1161123,Closed,Condo,4126 SE 54th Dr #1803,Miami,33135,Little Havana,25.756803,-80.234532,2025-03-12,353000,2025-05-01,361000.0,3,3,1,666,,1977,717,35,2,Yes,,12290,0,4512,MIAMI,542.04,240410
A1161124,Active,Multi-Family,8684 NW 3rd Rd,Miami,33138,Miami Shores,25.878452,-80.176414,2025-06-06,875000,,,4,2,0,2343,5146.0,2009,0,12,2,No,1050000.0,102216,8,10938,MIAMI,373.45,632784
A1161125,Closed,Multi-Family,8016 SE 1st St #501,Miami,33135,Little Havana,25.818854,-80.219987,2025-05-28,792000,2025-07-30,823000.0,3,1,0,2691,5791.0,2004,0,57,2,No,,77201,0,10288,MIAMI,305.83,498899
A1161126,Closed,Single Family,4048 NE 79th Pl #1207,Miami,33131,Brickell,25.866888,-80.241342,2025-08-26,1233000,2025-10-05,1191000.0,3,2,0,2034,8114.0,1995,0,32,3,No,,43702,0,14888,MIAMI,585.55,789998
A1161127,Closed,Townhouse,9155 SE 2nd Dr,Miami,33138,Upper Eastside,25.73496,-80.26311,2025-07-26,609000,2025-08-21,612000.0,3,3,0,1280,,1978,391,20,2,No,,40488,0,7650,MIAMI,478.12,387912
A1161128,Closed,Single Family,4693 NW 7th Rd #1803,Miami,33138,Miami Shores,25.72745,-80.308848,2025-07-28,797000,2025-10-19,777000.0,3,1,0,1838,5882.0,1967,0,70,3,No,,51180,0,9712,MIAMI,422.74,492720
A1161129,Active,Condo,6388 NE 3rd Pl #1803,Miami,33142,Liberty City,25.828326,-80.238916,2025-04-03,364000,,,3,2,0,797,,2012,1179,37,1,Yes,390000.0,32606,7,4550,MIAMI,456.71,240394
A1161130,Active,Multi-Family,6250 SE 7th Dr #901,Miami,33145,Coral Way,25.798497,-80.266628,2025-07-13,709000,,,4,3,1,1555,6673.0,1943,0,18,3,No,861000.0,21207,7,8862,MIAMI,455.95,581493
A1161131,Closed,Single Family,5150 SE 22nd Rd #1207,Miami,33135,West Flagler,25.777712,-80.306272,2025-03-12,594000,2025-05-25,612000.0,2,1,1,1554,9830.0,2021,0,59,1,No,,11562,0,7650,MIAMI,393.82,416838
A1161132,Active,Single Family,6879 SE 3rd Dr #501,Miami,33133,Coconut Grove,25.858195,-80.318149,2025-07-03,839000,,,2,1,0,1832,8540.0,1951,0,39,2,Yes,1040000.0,92772,6,10488,MIAMI,457.97,635228
A1161133,Closed,Condo,5011 SE 3rd Ter #1207,Miami,33142,Liberty City,25.746753,-80.278606,2025-06-07,448000,2025-07-12,474000.0,1,2,0,1183,,1974,623,28,1,Yes,,32652,0,5925,MIAMI,400.68,299148
A1161134,Closed,Multi-Family,9838 NE 14th Ter #901,Miami,33135,West Flagler,25.790436,-80.255408,2025-04-27,874000,2025-07-09,907000.0,4,1,0,2662,4055.0,1990,0,58,2,No,,57904,0,11338,MIAMI,340.72,576996
A1161135,Closed,Condo,6537 SW 4th Pl,Miami,33138,Miami Shores,25.780169,-80.197526,2025-08-20,620000,2025-10-15,622000.0,3,2,1,971,,2013,631,41,1,Yes,,31257,0,7775,MIAMI,640.58,404143
A1161136,Closed,Condo,5061 NE 12th Dr,Miami,33136,Overtown,25.827676,-80.299123,2025-09-01,344000,2025-10-07,331000.0,3,1,1,677,,1977,1194,18,1,Yes,,12903,0,4138,MIAMI,488.92,218797
A1161137,Closed,Multi-Family,5916 NE 79th St #901,Miami,33137,Edgewater,25.737499,-80.282765,2025-08-22,985000,2025-10-24,951000.0,4,2,1,2319,8453.0,1944,0,56,4,No,,19861,0,11888,MIAMI,410.09,645839
A1161138,Closed,Multi-Family,9743 NE 22nd St #3205,Miami,33125,Grapeland Heights,25.779859,-80.250541,2025-06-23,861000,2025-08-19,891000.0,3,2,0,2281,8183.0,2006,0,38,2,No,,51325,0,11138,MIAMI,390.62,572375
A1161139,Active,Multi-Family,7512 SW 3rd Ter,Miami,33137,Edgewater,25.796186,-80.254275,2025-06-14,717000,,,3,2,0,1637,7730.0,1966,0,31,4,No,807000.0,95124,6,8962,MIAMI,438.0,469776
A1161140,Closed,Single Family,3898 SE 7th Ave #2301,Miami,33131,Brickell,25.809576,-80.176231,2025-06-22,1107000,2025-08-06,1087000.0,3,1,0,1652,8227.0,1962,0,30,3,No,,55997,0,13588,MIAMI,657.99,704903
A1161141,Active,Condo,8896 NE 22nd Ter,Miami,33150,Little River,25.812376,-80.200075,2025-08-12,602000,,,1,1,0,1256,,1975,889,46,1,Yes,749000.0,13323,4,7525,MIAMI,479.3,510977
A1161142,Active,Townhouse,4973 NW 5th Ter,Miami,33138,Miami Shores,25.818778,-80.197939,2025-05-02,989000,,,3,2,0,1740,,1984,527,55,2,Yes,1148000.0,23820,7,12362,MIAMI,568.39,779780
A1161143,Active,Single Family,2938 NE 40th Ter,Miami,33133,Coconut Grove,25.82168,-80.215985,2025-05-20,1005000,,,3,2,0,1714,8708.0,1989,0,12,3,No,1160000.0,100209,7,12562,MIAMI,586.35,711791
A1161144,Active,Multi-Family,7372 SE 7th St #901,Miami,33135,West Flagler,25.785461,-80.246241,2025-06-24,676000,,,5,2,0,1509,5598.0,1989,0,33,3,No,795000.0,49385,7,8450,MIAMI,447.98,507115
A1161145,Active,Condo,1971 SW 54th Rd #1803,Miami,33142,Allapattah,25.807956,-80.303018,2025-08-10,413000,,,2,1,1,683,,2012,731,50,1,Yes,508000.0,26784,7,5162,MIAMI,604.69,328816
A1161146,Active,Single Family,2023 NE 8th Rd #901,Miami,33150,Little River,25.857952,-80.306953,2025-05-27,1051000,,,2,3,0,2068,6438.0,1944,0,17,1,Yes,1143000.0,49361,6,13138,MIAMI,508.22,750739
A1161147,Closed,Multi-Family,4840 SW 45th Dr,Miami,33133,Coconut Grove,25.771785,-80.214392,2025-06-17,1216000,2025-08-11,1224000.0,4,1,0,2661,8670.0,1984,0,45,2,No,,41513,0,15300,MIAMI,459.98,815287
A1161148,Active,Multi-Family,4502 SE 27th Ct,Miami,33132,Downtown,25.798313,-80.233386,2025-09-01,872000,,,3,1,0,1967,5198.0,1981,0,16,4,No,1088000.0,115502,7,10900,MIAMI,443.31,646098
A1161149,Closed,Single Family,5969 NW 54th Ct,Miami,33138,Upper Eastside,25.836949,-80.251233,2025-06-29,1015000,2025-07-16,1045000.0,3,2,1,2005,7998.0,1981,0,10,3,No,,42271,0,13062,MIAMI,521.2,689229
A1161150,Closed,Condo,852 NW 36th St,Miami,33138,Miami Shores,25.863065,-80.205662,2025-09-07,697000,2025-12-03,717000.0,1,3,0,924,,2012,780,72,1,Yes,,9128,0,8962,MIAMI,775.97,492772
A1161151,Closed,Condo,6192 NE 2nd Ct #1207,Miami,33150,Little River,25.824734,-80.282442,2025-03-13,520000,2025-05-04,547000.0,1,3,0,1117,,1978,450,45,1,Yes,,33148,0,6838,MIAMI,489.7,349752
A1161152,Closed,Condo,2075 SE 5th Ct,Miami,33127,Buena Vista,25.721486,-80.21566,2025-07-02,667000,2025-08-28,703000.0,1,2,0,1321,,1956,543,38,0,Yes,,40927,0,8788,MIAMI,532.17,451173
A1161153,Active,Single Family,2788 SE 22nd Dr,Miami,33127,Wynwood Norte,25.804881,-80.318729,2025-07-24,699000,,,4,1,1,1161,5090.0,2022,0,10,2,No,738000.0,14235,4,8738,MIAMI,602.07,502365
A1161154,Closed,Condo,2390 NE 12th Dr,Miami,33127,Buena Vista,25.776246,-80.255592,2025-08-12,949000,2025-09-23,1005000.0,2,1,0,1280,,1957,1153,25,1,Yes,,12176,0,12562,MIAMI,785.16,691324
A1161155,Active,Townhouse,4021 SE 27th St,Miami,33131,Brickell,25.845408,-80.200933,2025-04-17,1298000,,,3,3,0,2068,,1990,633,42,2,No,1462000.0,82113,4,16225,MIAMI,627.66,941287
A1161156,Active,Single Family,373 NW 1st Ter,Miami,33168,Pinewood,25.872712,-80.204445,2025-07-25,366000,,,2,3,1,974,6993.0,2009,0,12,2,No,404000.0,29942,7,4575,MIAMI,375.77,252858
A1161157,Active,Single Family,8477 NE 5th Pl #1803,Miami,33138,Upper Eastside,25.764395,-80.273514,2025-06-18,1166000,,,3,2,0,1987,9247.0,2008,0,40,2,Yes,1426000.0,25471,5,14575,MIAMI,586.81,972729
A1161158,Active,Single Family,2977 NW 1st Dr,Miami,33142,Allapattah,25.769486,-80.208746,2025-07-07,943000,,,2,1,1,2380,4950.0,1998,0,39,2,No,1168000.0,115310,4,11788,MIAMI,396.22,702290
A1161159,Closed,Condo,580 SW 32nd Ter #501,Miami,33138,Miami Shores,25.83727,-80.302291,2025-05-07,668000,2025-06-15,698000.0,2,3,0,1005,,1961,985,26,2,Yes,,12483,0,8725,MIAMI,694.53,476117
A1161160,Active,Single Family,1989 NE 45th St,Miami,33138,Miami Shores,25.863083,-80.218882,2025-04-07,782000,,,2,3,0,1882,7012.0,1960,0,50,3,No,916000.0,108596,4,9775,MIAMI,415.52,532604
A1161161,Closed,Single Family,5341 SW 3rd Pl #1803,Miami,33145,Coral Way,25.771488,-80.257562,2025-08-25,506000,2025-11-08,497000.0,3,1,0,1044,4289.0,2010,0,63,2,No,,26258,0,6212,MIAMI,476.05,321642
A1161162,Active,Single Family,4877 SW 79th Ave #3205,Miami,33133,Coconut Grove,25.793079,-80.264662,2025-04-25,634000,,,4,1,1,1407,6312.0,1979,0,6,3,No,751000.0,22059,8,7925,MIAMI,450.6,503641
A1161163,Active,Multi-Family,257 SW 1st Rd #2301,Miami,33129,The Roads,25.775428,-80.194064,2025-02-07,1590000,,,4,1,0,2900,4052.0,1992,0,15,4,No,1915000.0,104445,8,19875,MIAMI,548.28,1236055
A1161164,Closed,Townhouse,6202 SE 3rd Pl,Miami,33127,Wynwood Norte,25.863566,-80.242036,2025-02-24,871000,2025-03-23,884000.0,3,1,0,1410,,1975,471,15,1,No,,30778,0,11050,MIAMI,626.95,588022
A1161165,Active,Multi-Family,5445 SW 36th Ter,Miami,33137,Edgewater,25.868167,-80.261057,2025-04-08,1319000,,,3,3,0,2612,5939.0,1977,0,55,4,No,1491000.0,140611,6,16488,MIAMI,504.98,903089
A1161166,Active,Condo,3501 SE 14th Ct #1207,Miami,33135,Little Havana,25.805748,-80.175305,2025-04-22,858000,,,1,1,1,1448,,1999,1048,27,0,Yes,937000.0,65455,4,10725,MIAMI,592.54,590445
A1161167,Closed,Single Family,2948 NW 27th Rd #3205,Miami,33133,Coconut Grove,25.828349,-80.280975,2025-05-03,1661000,2025-07-08,1617000.0,3,2,0,2355,4747.0,1971,0,60,2,No,,12803,0,20212,MIAMI,686.62,1119097
A1161168,Closed,Condo,1476 SW 3rd St,Miami,33127,Wynwood Norte,25.829806,-80.179364,2025-03-23,820000,2025-06-08,819000.0,1,1,0,1123,,1956,554,61,1,Yes,,20354,0,10238,MIAMI,729.3,552946
A1161169,Active,Multi-Family,7090 NE 22nd Ave,Miami,33135,Little Havana,25.79938,-80.262591,2025-05-22,421000,,,3,2,0,1588,5376.0,2013,0,53,3,No,471000.0,87670,7,5262,MIAMI,265.11,242030
A1161170,Active,Multi-Family,6968 NE 45th Ave #501,Miami,33135,Little Havana,25.734035,-80.262548,2025-06-21,648000,,,4,1,0,1470,8086.0,1992,0,31,4,No,761000.0,43846,4,8100,MIAMI,440.82,488854
A1161171,Closed,Multi-Family,4702 NW 40th Pl #1803,Miami,33144,Flagami,25.815539,-80.315604,2025-03-19,867000,2025-04-16,907000.0,4,2,0,2382,7181.0,1974,0,13,4,No,,79763,0,11338,MIAMI,380.77,555137
A1161172,Closed,Condo,2946 NE 10th Pl #1803,Miami,33133,Coconut Grove,25.869633,-80.171269,2025-06-28,437000,2025-09-11,440000.0,1,3,0,752,,1968,703,59,1,Yes,,25870,0,5500,MIAMI,585.11,282130
A1161173,Closed,Townhouse,3911 NE 1st Pl #3205,Miami,33142,Liberty City,25.79847,-80.306461,2025-06-19,487000,2025-08-17,492000.0,3,3,0,1228,,2003,560,49,2,Yes,,18251,0,6150,MIAMI,400.65,326149
A1161174,Active,Condo,6078 NW 22nd Dr #2301,Miami,33135,Little Havana,25.843899,-80.193028,2025-03-10,433000,,,3,2,0,998,,1942,1184,38,1,Yes,466000.0,13766,5,5412,MIAMI,433.87,312434
A1161175,Closed,Townhouse,6299 SW 14th Ave,Miami,33142,Allapattah,25.826485,-80.197832,2025-03-17,741000,2025-05-23,721000.0,4,3,1,1530,,1980,269,55,1,Yes,,14622,0,9012,MIAMI,471.24,490078
A1161176,Closed,Multi-Family,5782 SW 7th Dr,Miami,33142,Liberty City,25.772987,-80.308329,2025-02-27,495000,2025-05-20,484000.0,4,3,0,1466,9239.0,2012,0,73,2,No,,22532,0,6050,MIAMI,330.15,316268
A1161177,Closed,Townhouse,2825 SE 40th Ct #1803,Miami,33150,Little River,25.78175,-80.210112,2025-08-04,442000,2025-08-20,464000.0,3,2,0,1211,,1953,335,10,1,No,,23274,0,5800,MIAMI,383.15,301526
A1161178,Active,Single Family,6251 NE 3rd Pl,Miami,33138,Miami Shores,25.731872,-80.294484,2025-04-23,1082000,,,2,1,0,2565,6415.0,1942,0,17,3,No,1145000.0,50311,4,13525,MIAMI,421.83,751189
A1161179,Active,Multi-Family,8949 SW 14th Ter,Miami,33131,Brickell,25.785485,-80.236883,2025-04-26,1326000,,,3,2,0,2283,4438.0,1952,0,14,4,No,1466000.0,42114,5,16575,MIAMI,580.81,984086
A1161180,Active,Multi-Family,3490 NE 14th St #3205,Miami,33142,Liberty City,25.796853,-80.305452,2025-04-17,795000,,,3,2,0,2525,7502.0,1951,0,53,3,No,893000.0,51300,8,9938,MIAMI,314.85,573800
A1161181,Closed,Townhouse,7719 SW 10th Rd #1207,Miami,33138,Upper Eastside,25.791324,-80.280506,2025-05-09,781000,2025-07-15,789000.0,3,2,0,1682,,1987,450,57,2,No,,43247,0,9862,MIAMI,469.08,509053
A1161182,Closed,Condo,7879 NE 40th Ter,Miami,33127,Wynwood Norte,25.8745,-80.21694,2025-02-16,416000,2025-05-04,436000.0,2,2,0,737,,2010,1134,59,1,Yes,,24045,0,5450,MIAMI,591.59,281155
A1161183,Active,Single Family,7233 NE 5th Rd #901,Miami,33168,Pinewood,25.726828,-80.308245,2025-08-26,837000,,,2,2,0,2119,5369.0,1967,0,13,3,No,925000.0,27661,5,10462,MIAMI,395.0,619839
A1161184,Active,Single Family,9383 NW 4th Pl,Miami,33137,Edgewater,25.738003,-80.297554,2025-07-01,1071000,,,3,2,1,1744,4101.0,2019,0,34,3,Yes,1169000.0,33530,7,13388,MIAMI,614.11,784770
A1161185,Closed,Townhouse,5531 NE 2nd Dr #3205,Miami,33127,Buena Vista,25.726205,-80.186564,2025-05-15,859000,2025-06-29,856000.0,3,1,0,1470,,1975,396,28,2,Yes,,28717,0,10700,MIAMI,582.31,570483
A1161186,Closed,Townhouse,6928 NW 8th Ct,Miami,33131,Brickell,25.843845,-80.27187,2025-03-07,806000,2025-05-13,811000.0,3,2,0,1545,,1969,618,48,2,No,,42370,0,10138,MIAMI,524.92,525330
A1161187,Closed,Multi-Family,9417 NW 7th Ave,Miami,33138,Miami Shores,25.741704,-80.192306,2025-08-01,1567000,2025-10-31,1510000.0,5,1,0,2955,4537.0,1979,0,74,4,No,,37154,0,18875,MIAMI,511.0,1019846
A1161188,Closed,Condo,8108 SE 7th Rd #3205,Miami,33132,Downtown,25.828988,-80.283709,2025-06-10,910000,2025-08-17,920000.0,2,2,0,1117,,1999,501,60,1,Yes,,23416,0,11500,MIAMI,823.63,620584
A1161189,Closed,Townhouse,3611 NE 10th Dr,Miami,33144,Flagami,25.856611,-80.203025,2025-05-10,644000,2025-06-05,625000.0,4,1,0,1367,,1943,628,16,2,Yes,,25183,0,7812,MIAMI,457.21,412317
A1161190,Active,Multi-Family,4611 SE 27th Rd #1803,Miami,33168,Pinewood,25.848814,-80.274181,2025-03-30,372000,,,3,1,0,1441,8924.0,1941,0,17,4,No,419000.0,33809,8,4650,MIAMI,258.15,259491
A1161191,Active,Condo,4731 SW 4th Ct,Miami,33150,Little River,25.809833,-80.230934,2025-06-11,504000,,,2,2,0,959,,1940,1143,43,2,Yes,562000.0,10552,6,6300,MIAMI,525.55,382848
A1161192,Active,Townhouse,9930 SE 17th Dr,Miami,33125,Grapeland Heights,25.86395,-80.199186,2025-03-11,846000,,,3,3,0,2082,,1964,341,34,2,Yes,1039000.0,33287,5,10575,MIAMI,406.34,694013
A1161193,Closed,Multi-Family,8859 SE 22nd Pl #1207,Miami,33142,Allapattah,25.836248,-80.286646,2025-08-28,569000,2025-10-16,580000.0,4,3,0,1931,8776.0,2013,0,34,3,No,,48995,0,7250,MIAMI,300.36,357005
A1161194,Closed,Condo,5131 SE 17th Ter #1207,Miami,33142,Allapattah,25.776845,-80.208369,2025-07-18,395000,2025-08-20,383000.0,2,3,0,749,,1982,932,21,1,Yes,,15814,0,4788,MIAMI,511.35,252286
A1161195,Closed,Multi-Family,2570 NE 8th Ter #2301,Miami,33127,Wynwood Norte,25.804774,-80.258034,2025-06-09,1213000,2025-07-21,1236000.0,5,3,0,2363,7868.0,1964,0,25,2,No,,64659,0,15450,MIAMI,523.06,800541
A1161196,Closed,Multi-Family,2862 NE 40th Rd,Miami,33135,Little Havana,25.720754,-80.278971,2025-03-18,622000,2025-05-13,615000.0,3,1,1,2047,6724.0,2020,0,50,4,No,,32532,0,7688,MIAMI,300.44,397968
A1161197,Active,Multi-Family,8800 NE 1st Dr,Miami,33127,Buena Vista,25.872011,-80.186199,2025-03-24,908000,,,5,2,0,2226,4309.0,2008,0,47,3,No,1057000.0,94151,6,11350,MIAMI,407.91,645749
A1161198,Closed,Condo,8624 SW 32nd Dr,Miami,33145,Coral Way,25.871754,-80.251611,2025-02-17,709000,2025-03-18,688000.0,1,2,0,1360,,1961,802,15,1,Yes,,13037,0,8600,MIAMI,505.88,468563
A1161199,Active,Multi-Family,2868 NW 22nd Dr,Miami,33144,Flagami,25.837452,-80.231546,2025-08-06,1146000,,,3,2,0,2936,5871.0,1968,0,9,2,No,1240000.0,65467,5,14325,MIAMI,390.33,802533
A1161200,Active,Townhouse,2608 NE 1st Ter #2301,Miami,33136,Overtown,25.739775,-80.282089,2025-05-18,712000,,,2,1,0,1838,,1954,224,29,1,Yes,875000.0,34313,7,8900,MIAMI,387.38,578187
A1161201,Closed,Townhouse,4408 NE 22nd Dr #2301,Miami,33135,West Flagler,25.751783,-80.290038,2025-03-02,729000,2025-04-14,706000.0,4,1,0,1820,,1976,558,23,1,No,,37738,0,8825,MIAMI,387.91,456462
A1161202,Active,Single Family,1575 NW 4th Ter,Miami,33136,Overtown,25.827044,-80.297628,2025-03-01,783000,,,3,1,0,1966,9502.0,1951,0,54,1,Yes,884000.0,30673,8,9788,MIAMI,398.27,588127
A1161203,Active,Townhouse,851 NW 5th Dr,Miami,33145,Shenandoah,25.7352,-80.206269,2025-05-21,831000,,,4,2,0,1675,,1980,225,48,1,No,1016000.0,97943,4,10388,MIAMI,496.12,613257
A1161204,Active,Multi-Family,7935 SE 7th St,Miami,33135,West Flagler,25.853713,-80.216515,2025-05-14,655000,,,3,2,0,1949,4932.0,1991,0,30,4,No,775000.0,36143,6,8188,MIAMI,336.07,506357
A1161205,Closed,Single Family,2240 SE 40th St #2301,Miami,33133,Coconut Grove,25.858012,-80.188007,2025-05-09,757000,2025-07-08,797000.0,4,3,1,1162,5484.0,2018,0,55,2,Yes,,25219,0,9962,MIAMI,685.89,532681
A1161206,Active,Single Family,4172 SE 22nd Dr #2301,Miami,33145,Shenandoah,25.735239,-80.220743,2025-06-13,773000,,,3,3,0,2291,9487.0,1983,0,34,2,No,841000.0,111055,8,9662,MIAMI,337.41,477645
A1161207,Active,Single Family,6303 SE 10th St #3205,Miami,33131,Brickell,25.728056,-80.286594,2025-04-03,1489000,,,4,1,0,2267,8027.0,1981,0,22,1,Yes,1690000.0,59359,6,18612,MIAMI,656.82,1123641
A1161208,Active,Multi-Family,9999 SW 45th Pl,Miami,33137,Edgewater,25.807856,-80.196114,2025-05-17,915000,,,4,2,0,2420,4840.0,1991,0,3,3,No,1072000.0,38095,8,11438,MIAMI,378.1,712305
A1161209,Closed,Multi-Family,3733 NW 17th Ter #1207,Miami,33125,Grapeland Heights,25.834546,-80.302896,2025-07-04,777000,2025-09-28,768000.0,5,2,0,2144,8588.0,2019,0,70,2,No,,48105,0,9600,MIAMI,358.21,489495
A1161210,Active,Townhouse,6537 NE 36th Rd,Miami,33127,Wynwood Norte,25.750007,-80.180468,2025-04-07,648000,,,4,3,1,1246,,1953,284,40,2,No,687000.0,45640,5,8100,MIAMI,520.06,435260
A1161211,Closed,Single Family,9164 SE 62nd Ct #501,Miami,33127,Buena Vista,25.720694,-80.209568,2025-06-10,404000,2025-07-27,401000.0,3,2,1,1045,9394.0,2015,0,27,3,No,,9439,0,5012,MIAMI,383.73,271261
A1161212,Closed,Condo,4919 SE 5th Ave #2301,Miami,33142,Liberty City,25.763775,-80.175461,2025-05-10,457000,2025-07-24,450000.0,1,3,0,827,,2004,1198,63,1,Yes,,21043,0,5625,MIAMI,544.14,293957
A1161213,Closed,Townhouse,5381 NW 22nd Pl #3205,Miami,33136,Overtown,25.800623,-80.215853,2025-07-23,808000,2025-08-28,837000.0,3,3,0,2081,,1984,360,26,1,No,,47591,0,10462,MIAMI,402.21,538309
A1161214,Closed,Multi-Family,2736 SW 12th Ave,Miami,33136,Overtown,25.751984,-80.207472,2025-03-10,425000,2025-04-01,423000.0,5,3,0,1985,4207.0,1988,0,16,3,No,,65278,0,5288,MIAMI,213.1,230822
A1161215,Closed,Townhouse,4812 NW 27th Ct #2301,Miami,33129,The Roads,25.801748,-80.200475,2025-06-24,998000,2025-09-03,1041000.0,4,1,0,1971,,2022,477,59,1,No,,66917,0,13012,MIAMI,528.16,661783
A1161216,Closed,Townhouse,4919 SE 7th Dr,Miami,33136,Overtown,25.844183,-80.175357,2025-07-31,563000,2025-10-07,593000.0,3,2,0,1255,,2021,206,57,2,No,,13098,0,7412,MIAMI,472.51,402002
A1161217,Active,Condo,2636 NW 5th Ter #901,Miami,33168,Pinewood,25.720903,-80.25005,2025-03-14,358000,,,2,3,0,772,,1956,836,38,0,Yes,429000.0,10287,6,4475,MIAMI,463.73,290013
A1161218,Active,Townhouse,6709 NW 22nd Ave,Miami,33138,Miami Shores,25.745499,-80.238538,2025-06-14,1298000,,,3,2,0,2008,,1963,493,5,2,No,1569000.0,34113,8,16225,MIAMI,646.41,1064187
A1161219,Closed,Townhouse,4094 NW 17th Ct,Miami,33144,Flagami,25.758456,-80.22366,2025-07-22,701000,2025-10-03,687000.0,4,3,0,1500,,1954,311,54,2,Yes,,14865,0,8588,MIAMI,458.0,466035
A1161220,Active,Townhouse,1672 NE 54th Pl,Miami,33131,Brickell,25.77125,-80.307648,2025-04-17,1525000,,,4,2,1,2133,,1945,464,58,2,Yes,1761000.0,92273,5,19062,MIAMI,714.96,1140427
A1161221,Closed,Condo,720 NW 3rd St,Miami,33129,The Roads,25.7238,-80.21247,2025-08-29,992000,2025-09-26,988000.0,2,1,1,1535,,2022,1151,19,1,Yes,,48070,0,12350,MIAMI,643.65,643530
A1161222,Closed,Single Family,1136 NW 3rd Ter #501,Miami,33142,Liberty City,25.805573,-80.223787,2025-02-05,602000,2025-04-13,604000.0,3,3,1,1416,7547.0,1980,0,59,2,Yes,,23093,0,7550,MIAMI,426.55,399707
A1161223,Active,Townhouse,9041 SW 5th Ter #1803,Miami,33135,West Flagler,25.741821,-80.261351,2025-03-13,556000,,,3,3,0,1288,,2000,344,35,2,No,617000.0,42677,5,6950,MIAMI,431.68,389223
A1161224,Closed,Single Family,5733 NE 32nd Dr #501,Miami,33136,Overtown,25.839727,-80.184468,2025-02-22,800000,2025-04-23,787000.0,2,3,1,2086,8400.0,2010,0,49,1,No,,66725,0,9838,MIAMI,377.28,484175
A1161225,Active,Condo,4207 NW 8th Dr #901,Miami,33145,Coral Way,25.731703,-80.219247,2025-05-30,1058000,,,1,3,0,1281,,2010,708,42,1,Yes,1226000.0,37398,8,13225,MIAMI,825.92,820802
A1161226,Active,Townhouse,9671 NE 62nd Pl #1803,Miami,33144,Flagami,25.818615,-80.274149,2025-06-05,620000,,,3,1,0,1331,,1980,543,29,1,No,768000.0,21090,6,7750,MIAMI,465.82,516510
A1161227,Closed,Multi-Family,5104 SE 54th St,Miami,33133,Coconut Grove,25.794056,-80.266189,2025-03-07,817000,2025-05-18,836000.0,4,1,1,1409,6266.0,1986,0,52,3,No,,21201,0,10450,MIAMI,593.33,563999
A1161228,Closed,Single Family,9767 NE 2nd Pl #1207,Miami,33145,Shenandoah,25.850023,-80.233165,2025-02-05,584000,2025-04-25,597000.0,3,3,0,1236,9959.0,1949,0,74,3,No,,25961,0,7462,MIAMI,483.01,391939
A1161229,Active,Multi-Family,4013 NE 45th Ave #3205,Miami,33135,Little Havana,25.783486,-80.244675,2025-06-09,725000,,,4,3,0,2149,5096.0,1999,0,33,3,No,876000.0,117539,4,9062,MIAMI,337.37,495661
A1161230,Active,Condo,6018 SE 40th Ct,Miami,33138,Miami Shores,25.826974,-80.242317,2025-05-06,625000,,,2,1,0,1017,,1973,491,15,1,Yes,749000.0,22806,4,7812,MIAMI,614.55,501494
A1161231,Active,Townhouse,1375 SW 27th Ave #501,Miami,33127,Wynwood Norte,25.814029,-80.185266,2025-07-18,880000,,,3,3,0,1920,,1988,466,25,2,Yes,1024000.0,22419,6,11000,MIAMI,458.33,694381
A1161232,Active,Townhouse,6034 NW 10th Ct #1803,Miami,33138,Miami Shores,25.753843,-80.291964,2025-02-20,1186000,,,4,2,0,2011,,1969,446,33,1,Yes,1440000.0,54506,6,14825,MIAMI,589.76,953494
A1161233,Closed,Multi-Family,9476 NE 2nd Ave #1207,Miami,33138,Miami Shores,25.741556,-80.243104,2025-02-12,1100000,2025-03-20,1068000.0,4,3,1,2381,4183.0,1971,0,26,2,No,,72367,0,13350,MIAMI,448.55,675233
A1161234,Closed,Multi-Family,9944 NE 62nd Rd,Miami,33135,West Flagler,25.747291,-80.195445,2025-05-26,902000,2025-08-24,938000.0,3,3,0,2554,4702.0,1967,0,70,4,No,,24257,0,11725,MIAMI,367.27,632343
A1161235,Closed,Townhouse,8363 SE 5th Pl,Miami,33133,Coconut Grove,25.72265,-80.241593,2025-05-10,1076000,2025-06-13,1058000.0,3,1,0,1941,,1988,551,26,2,No,,51762,0,13225,MIAMI,545.08,688838
A1161236,Active,Single Family,7128 NE 40th Rd #2301,Miami,33136,Overtown,25.859972,-80.215354,2025-06-14,856000,,,3,1,0,1980,9558.0,1995,0,27,1,No,992000.0,88501,6,10700,MIAMI,432.32,605899
A1161237,Active,Single Family,216 NW 45th St #2301,Miami,33127,Buena Vista,25.720875,-80.208453,2025-05-16,696000,,,3,1,0,1224,8901.0,2009,0,17,2,Yes,779000.0,27650,5,8700,MIAMI,568.63,517650
A1161238,Closed,Townhouse,3437 SE 54th Rd #501,Miami,33127,Buena Vista,25.878688,-80.260382,2025-05-20,604000,2025-07-28,608000.0,3,2,0,1570,,2008,254,56,1,No,,52467,0,7600,MIAMI,387.26,373133
A1161239,Active,Townhouse,2750 NW 8th Pl #2301,Miami,33136,Overtown,25.83965,-80.253011,2025-09-07,920000,,,3,3,1,1768,,1957,447,56,2,No,1074000.0,31236,4,11500,MIAMI,520.36,720564
A1161240,Closed,Single Family,718 SE 27th Pl #501,Miami,33133,Coconut Grove,25.755483,-80.307994,2025-02-23,1396000,2025-03-26,1343000.0,4,1,1,1746,8917.0,1995,0,18,3,No,,54412,0,16788,MIAMI,769.19,885688
A1161241,Active,Single Family,2876 NW 22nd Ave,Miami,33133,Coconut Grove,25.80253,-80.285249,2025-08-20,1348000,,,2,3,0,2261,5595.0,1944,0,39,2,Yes,1568000.0,127986,8,16850,MIAMI,596.2,969614
A1161242,Closed,Single Family,9260 SW 22nd Rd #1207,Miami,33145,Shenandoah,25.807935,-80.211079,2025-08-08,1228000,2025-09-02,1266000.0,3,2,0,2546,8241.0,1941,0,18,2,No,,24381,0,15825,MIAMI,497.25,861819
A1161243,Active,Condo,8509 SW 54th Rd #901,Miami,33150,Little River,25.774395,-80.302449,2025-02-19,560000,,,1,2,0,1063,,2011,1038,33,0,Yes,656000.0,41260,6,7000,MIAMI,526.81,417940
A1161244,Active,Multi-Family,6369 NE 10th Rd #1803,Miami,33138,Upper Eastside,25.797115,-80.281327,2025-07-01,1392000,,,4,2,1,2553,9583.0,1998,0,56,3,No,1719000.0,144802,4,17400,MIAMI,545.24,1058498
A1161245,Active,Townhouse,9499 SW 7th Dr,Miami,33168,Pinewood,25.796249,-80.266969,2025-06-22,686000,,,3,2,0,1748,,1949,204,60,2,No,736000.0,56883,5,8575,MIAMI,392.45,458317
A1161246,Active,Condo,8171 NW 54th St #3205,Miami,33145,Coral Way,25.739181,-80.308227,2025-05-03,934000,,,1,1,0,1403,,2019,697,10,1,Yes,1055000.0,55508,4,11675,MIAMI,665.72,682992
A1161247,Active,Townhouse,7033 SE 54th St #501,Miami,33138,Miami Shores,25.740519,-80.24114,2025-03-29,1357000,,,2,3,0,2119,,1990,494,49,2,No,1516000.0,26992,8,16962,MIAMI,640.4,1034208
A1161248,Active,Condo,4354 NE 54th Ter,Miami,33150,Little River,25.812961,-80.271185,2025-07-23,334000,,,2,3,0,773,,1941,1165,14,2,Yes,412000.0,28500,7,4175,MIAMI,432.08,259900
A1161249,Active,Townhouse,3844 NW 12th Rd,Miami,33144,Flagami,25.811426,-80.173109,2025-04-13,470000,,,3,2,0,1388,,1991,455,29,2,No,526000.0,37916,5,5875,MIAMI,338.62,330284
A1161250,Closed,Multi-Family,9403 NW 27th St,Miami,33129,The Roads,25.768005,-80.235679,2025-03-07,742000,2025-05-16,729000.0,3,1,0,1698,7453.0,2003,0,50,4,No,,31537,0,9112,MIAMI,429.33,478763
A1161251,Active,Townhouse,5852 NE 62nd Pl #501,Miami,33138,Miami Shores,25.775062,-80.258236,2025-06-24,1416000,,,3,2,0,2059,,1986,522,36,1,No,1537000.0,35091,6,17700,MIAMI,687.71,1040809
A1161252,Active,Townhouse,5627 SE 79th Pl #2301,Miami,33144,Flagami,25.858921,-80.223913,2025-04-15,411000,,,3,1,1,1532,,2018,544,30,2,Yes,461000.0,85397,5,5138,MIAMI,268.28,237303
A1161253,Closed,Single Family,6050 SE 32nd Ave,Miami,33137,Edgewater,25.862031,-80.202854,2025-07-05,715000,2025-09-16,728000.0,3,3,0,1281,9819.0,1974,0,60,2,No,,30703,0,9100,MIAMI,568.31,478897
A1161254,Closed,Condo,1463 NW 12th Pl,Miami,33145,Coral Way,25.724218,-80.260448,2025-02-17,840000,2025-05-04,814000.0,1,2,0,1327,,1952,707,70,0,Yes,,46321,0,10175,MIAMI,613.41,523479
A1161255,Active,Multi-Family,5428 SE 36th Rd #501,Miami,33142,Allapattah,25.725625,-80.266474,2025-09-03,549000,,,4,2,0,1869,5075.0,2007,0,11,2,No,642000.0,65620,4,6862,MIAMI,293.74,383780
A1161256,Closed,Multi-Family,3821 NW 36th Ter #1803,Miami,33135,Little Havana,25.865428,-80.247752,2025-06-25,1020000,2025-09-12,1001000.0,3,3,1,2828,9169.0,2021,0,65,4,No,,90331,0,12512,MIAMI,353.96,610369
A1161257,Active,Condo,7916 SW 1st Rd #2301,Miami,33142,Allapattah,25.830043,-80.24621,2025-06-01,347000,,,2,1,0,660,,1976,450,35,2,Yes,378000.0,13370,4,4338,MIAMI,525.76,251230
A1161258,Closed,Condo,1397 SE 10th Pl #901,Miami,33131,Brickell,25.852548,-80.286911,2025-04-05,976000,2025-05-22,992000.0,2,3,1,1211,,1990,832,30,1,Yes,,8442,0,12400,MIAMI,819.16,685958
A1161259,Closed,Townhouse,8160 NE 17th St,Miami,33142,Allapattah,25.818837,-80.27918,2025-04-16,753000,2025-05-29,781000.0,2,1,0,1864,,1957,580,24,2,No,,34668,0,9762,MIAMI,418.99,512032
A1161260,Active,Single Family,8265 SW 36th Dr,Miami,33133,Coconut Grove,25.75475,-80.256964,2025-03-11,408000,,,2,2,0,1159,5907.0,1951,0,1,2,No,474000.0,34814,7,5100,MIAMI,352.03,296986
A1161261,Active,Condo,4178 SE 36th Ave,Miami,33132,Downtown,25.739514,-80.204778,2025-08-29,805000,,,2,1,0,922,,1972,851,25,0,Yes,875000.0,16377,4,10062,MIAMI,873.1,596123
A1161262,Active,Single Family,4995 NE 22nd St,Miami,33168,Pinewood,25.803348,-80.282003,2025-08-06,698000,,,3,2,0,2313,5299.0,2020,0,3,1,Yes,790000.0,97609,8,8725,MIAMI,301.77,455391
A1161263,Closed,Condo,7886 NE 22nd Rd,Miami,33127,Buena Vista,25.875014,-80.232838,2025-08-22,546000,2025-10-07,526000.0,2,3,0,982,,1990,465,41,1,Yes,,9510,0,6575,MIAMI,535.64,358690
A1161264,Active,Multi-Family,3912 SW 54th Rd #1803,Miami,33137,Edgewater,25.846635,-80.301126,2025-07-16,1599000,,,4,3,0,2804,4489.0,1985,0,10,4,No,1750000.0,31839,8,19988,MIAMI,570.26,1193161
A1161265,Closed,Multi-Family,9384 NE 54th Ter #1803,Miami,33129,The Roads,25.806837,-80.246486,2025-06-05,790000,2025-08-24,777000.0,4,3,0,1443,6053.0,1945,0,66,4,No,,36301,0,9712,MIAMI,538.46,507599
A1161266,Closed,Townhouse,6310 NE 1st Pl #1803,Miami,33135,West Flagler,25.720115,-80.224296,2025-06-19,905000,2025-09-02,928000.0,3,2,0,2136,,1973,640,56,1,No,,25943,0,11600,MIAMI,434.46,623657
A1161267,Closed,Condo,1677 NW 2nd Rd,Miami,33125,Grapeland Heights,25.785569,-80.271696,2025-03-12,805000,2025-05-12,781000.0,2,1,1,1388,,2010,514,46,2,Yes,,17066,0,9762,MIAMI,562.68,529634
A1161268,Active,Single Family,1261 NW 8th Dr #3205,Miami,33129,The Roads,25.76095,-80.265047,2025-06-15,669000,,,2,3,1,1169,9389.0,2002,0,40,2,No,756000.0,60216,8,8362,MIAMI,572.28,468984
A1161269,Closed,Single Family,1376 NE 45th St,Miami,33150,Little River,25.837488,-80.194832,2025-08-30,1057000,2025-10-19,1085000.0,3,3,1,2590,7023.0,1947,0,44,3,No,,28877,0,13562,MIAMI,418.92,730623
A1161270,Closed,Multi-Family,7097 NW 7th Rd,Miami,33129,The Roads,25.827919,-80.214617,2025-05-18,899000,2025-06-26,864000.0,4,3,0,1795,8574.0,2011,0,23,4,No,,13580,0,10800,MIAMI,481.34,591220
A1161271,Active,Townhouse,4043 NE 27th Rd #501,Miami,33133,Coconut Grove,25.852185,-80.271482,2025-05-17,1082000,,,4,3,0,1746,,1987,507,49,2,No,1142000.0,35608,7,13525,MIAMI,619.7,763792
A1161272,Closed,Townhouse,3619 SW 1st Rd #1207,Miami,33144,Flagami,25.721051,-80.172341,2025-02-05,1031000,2025-03-18,1033000.0,2,1,0,2184,,2016,431,27,2,No,,69408,0,12912,MIAMI,472.99,653692
A1161273,Closed,Condo,6650 NE 3rd Dr #1803,Miami,33127,Wynwood Norte,25.849772,-80.306214,2025-04-05,352000,2025-05-27,367000.0,1,2,0,688,,2014,921,39,1,Yes,,10495,0,4588,MIAMI,533.43,246405
A1161274,Closed,Condo,5578 SW 32nd Ct,Miami,33138,Miami Shores,25.84482,-80.181719,2025-08-07,882000,2025-10-11,899000.0,2,1,0,1495,,1944,1156,58,2,Yes,,19498,0,11238,MIAMI,601.34,609802
A1161275,Closed,Condo,927 SE 36th Rd #901,Miami,33135,West Flagler,25.800384,-80.28688,2025-06-19,697000,2025-08-02,713000.0,1,3,0,1600,,1980,461,29,1,Yes,,27652,0,8912,MIAMI,445.62,471448
A1161276,Closed,Single Family,7218 NE 5th Ct #501,Miami,33145,Coral Way,25.762009,-80.260221,2025-08-10,624000,2025-09-12,617000.0,2,2,0,1834,7898.0,2013,0,16,2,Yes,,61354,0,7712,MIAMI,336.42,370546
A1161277,Active,Multi-Family,1567 NW 32nd Ct #1803,Miami,33142,Liberty City,25.771746,-80.181379,2025-04-10,723000,,,4,3,0,1801,5985.0,1949,0,50,4,No,779000.0,86773,7,9038,MIAMI,401.44,458527
A1161278,Active,Townhouse,6224 NE 3rd St,Miami,33144,Flagami,25.867874,-80.284977,2025-03-10,809000,,,2,2,1,1808,,2019,535,29,1,No,979000.0,98948,4,10112,MIAMI,447.46,586352
A1161279,Active,Condo,4337 SE 79th Dr,Miami,33142,Allapattah,25.7539,-80.238036,2025-03-26,409000,,,1,2,0,664,,1982,801,48,0,Yes,431000.0,20757,8,5112,MIAMI,615.96,280943
A1161280,Closed,Single Family,6467 SW 22nd Rd,Miami,33138,Upper Eastside,25.824761,-80.31875,2025-04-11,1110000,2025-05-16,1136000.0,3,1,0,2143,5644.0,2019,0,16,3,No,,27295,0,14200,MIAMI,530.1,767905
A1161281,Active,Multi-Family,9286 NW 2nd Ave #501,Miami,33145,Coral Way,25.75182,-80.174981,2025-06-17,713000,,,5,1,0,2179,7970.0,2016,0,6,4,No,868000.0,36973,5,8912,MIAMI,327.21,570627
A1161282,Active,Multi-Family,4321 SE 1st Pl #1207,Miami,33138,Upper Eastside,25.764141,-80.310699,2025-04-19,1290000,,,3,3,0,2924,6911.0,2020,0,16,2,No,1425000.0,54340,8,16125,MIAMI,441.18,943160
A1161283,Active,Townhouse,5495 SE 54th Ave,Miami,33138,Upper Eastside,25.788234,-80.273143,2025-04-03,1083000,,,3,3,0,1872,,1993,270,37,1,Yes,1335000.0,20441,5,13538,MIAMI,578.53,914059
A1161284,Closed,Condo,2039 NE 17th Rd,Miami,33135,Little Havana,25.809174,-80.17771,2025-03-13,537000,2025-05-09,530000.0,3,2,0,966,,2012,1155,50,2,Yes,,20890,0,6625,MIAMI,548.65,350110
A1161285,Closed,Townhouse,4472 NE 79th Ave,Miami,33127,Buena Vista,25.741047,-80.31607,2025-08-19,978000,2025-09-30,1003000.0,3,3,0,2184,,1959,410,34,2,No,,65285,0,12538,MIAMI,459.25,636815
A1161286,Closed,Townhouse,3807 NW 32nd Rd,Miami,33137,Edgewater,25.795816,-80.295432,2025-03-20,1236000,2025-06-07,1261000.0,3,3,1,1904,,1987,599,59,2,No,,47507,0,15762,MIAMI,662.29,835193
A1161287,Closed,Multi-Family,7105 SE 2nd Pl #2301,Miami,33145,Coral Way,25.858684,-80.186862,2025-09-10,1474000,2025-12-06,1441000.0,5,1,0,2920,5450.0,1996,0,72,4,No,,94702,0,18012,MIAMI,493.49,913998
A1161288,Closed,Multi-Family,8912 SE 2nd Pl #2301,Miami,33135,West Flagler,25.860445,-80.283142,2025-05-27,778000,2025-08-09,787000.0,4,3,0,2920,8265.0,1953,0,68,4,No,,18714,0,9838,MIAMI,269.52,532186
A1161289,Active,Single Family,7695 SE 3rd Dr #501,Miami,33129,The Roads,25.830392,-80.184449,2025-04-17,646000,,,4,2,1,1546,5363.0,1994,0,40,2,Yes,774000.0,28314,4,8075,MIAMI,417.85,513486
A1161290,Active,Condo,2786 NW 3rd St #3205,Miami,33138,Upper Eastside,25.830675,-80.183926,2025-02-24,728000,,,1,2,0,1073,,1998,781,17,1,Yes,821000.0,23893,6,9100,MIAMI,678.47,550807
A1161291,Closed,Single Family,940 SE 14th Ter #3205,Miami,33168,Pinewood,25.859011,-80.29317,2025-06-25,813000,2025-08-03,804000.0,3,2,0,2398,5399.0,1982,0,29,2,No,,37577,0,10050,MIAMI,335.28,525223
A1161292,Active,Condo,8184 NE 8th Pl #3205,Miami,33127,Wynwood Norte,25.80696,-80.319137,2025-06-08,844000,,,1,2,0,1570,,1998,584,55,1,Yes,967000.0,60163,7,10550,MIAMI,537.58,616737
A1161293,Active,Multi-Family,5818 NW 5th Rd,Miami,33137,Edgewater,25.727827,-80.297762,2025-06-23,1523000,,,3,3,0,2631,9077.0,2020,0,53,4,No,1885000.0,113616,5,19038,MIAMI,578.87,1205884
A1161294,Closed,Townhouse,687 NW 14th Ter #1803,Miami,33125,Grapeland Heights,25.839894,-80.265972,2025-07-07,840000,2025-08-27,809000.0,3,1,0,2142,,1976,244,32,1,No,,27563,0,10112,MIAMI,377.68,538737
A1161295,Closed,Single Family,8766 NW 40th Dr #901,Miami,33127,Buena Vista,25.817929,-80.303605,2025-05-17,1084000,2025-07-03,1105000.0,3,1,0,2077,6696.0,2007,0,36,1,No,,13589,0,13812,MIAMI,532.02,759911
A1161296,Closed,Townhouse,3912 SW 8th St,Miami,33127,Buena Vista,25.798801,-80.293014,2025-07-08,1325000,2025-10-09,1316000.0,3,3,0,1823,,1956,634,73,2,No,,51276,0,16450,MIAMI,721.89,869924
A1161297,Active,Single Family,1211 SW 14th Pl #501,Miami,33129,The Roads,25.830403,-80.281837,2025-03-27,1319000,,,3,2,0,2587,8590.0,2021,0,1,3,Yes,1405000.0,39658,5,16488,MIAMI,509.86,943842
A1161298,Active,Single Family,7874 NW 5th Ct,Miami,33127,Wynwood Norte,25.867565,-80.248134,2025-04-26,1106000,,,3,3,0,2354,5438.0,1964,0,54,2,No,1257000.0,104565,6,13825,MIAMI,469.84,775335
A1161299,Closed,Townhouse,5893 NW 5th Ter,Miami,33150,Little River,25.753322,-80.217176,2025-08-05,1077000,2025-09-29,1060000.0,2,3,0,2002,,2012,616,50,2,Yes,,59205,0,13250,MIAMI,529.47,682795
